ObjectID,Name of Group,Village/Community,County,Date Group Formed,Date started Saving,No of VSLA,Number of female members registered,Number of male members registered,Number of female members that left,Number of male members that left,Does the group meet as per agreed frequency?,Average attendance in group meetings,Number of members actively saving, Total savings to date as registered in ledger (KES) ,Does the group have a social fund (SF)?, Total amount SF as registered in ledger (KES) ,Number of loans disbursed, Total amount disbursed in loans (KES) ,Number of loans repaid completely, Total amount of loans repaid (KES) , Total amount of interest earned (KES) ,Has any member failed to pay their loan?,Submission Date,Time,Zone,Name of CBT monitoring the group,Reporting Cycle,Reporting Quarter,Loan usage
74,Agape self help group ,Mavueni ,kilifi,2 November 2024,2 November 2024,1,17,3,5,0,always,moderate,20," 12,700.00 ",yes," 3,000.00 ",5," 5,000.00 ",4," 4,000.00 ", 400.00 ,no,29 June 2025,03:17:13,PM,Ethel zobe,Cycle_1,Q2,"Business,School_fees,Food,Other_hhs_needs"
184,Amani Dzibwage Widows group ,Fingirika,kwale,12 December 2022,12 December 2024,1,25,0,2,0,always,high,25," 100,000.00 ",yes," 24,900.00 ",20," 67,950.00 ",13," 43,050.00 "," 4,305.00 ",no,3 October 2025,14:39:19,,Mwanamkuu Hassan Tambwe CBT,Cycle_2,Q3,"Business,School_fees,Other_hhs_needs"
182,Amani River Ramisi VSLA,Darigube,kwale,28 November 2024,5 December 2024,1,14,10,14,9,always,moderate,23," 361,745.00 ",yes," 17,710.00 ",67," 568,800.00 ",50," 398,635.00 "," 34,980.00 ",no,3 October 2025,13:46:53,,Abdallah Halfani Hassan,Cycle_1,Q3,"Business,School_fees,Clothing,Food,Shelter,Other_hhs_needs"
76,Amka utsamba vsla,Utsamba,kwale,24 August 2016,5 May 2024,1,22,7,1,0,always,high,28," 234,775.00 ",yes," 62,400.00 ",28," 219,000.00 ",10," 172,000.00 "," 21,900.00 ",no,30 June 2025,06:01:48,AM,Marinda said,Cycle_2,Q2,"Business,School_fees,Shelter,Other_hhs_needs"
90,Bariki Self help group ,Kanyumbuni ,kilifi,12 June 2024,3 July 2024,1,27,0,3,0,always,low,27," 67,950.00 ",yes," 9,250.00 ",32," 52,200.00 ",21," 42,000.00 "," 4,200.00 ",yes,30 June 2025,06:54:17,PM,Riziki Karisa Wanje,Cycle_1,Q2,"Business,School_fees,Food,Shelter"
195,Bati seaweed farmers ,Bati,kwale,6 April 2023,30 May 2025,2,32,6,1,3,#VALUE!,#VALUE!,34," 136,700.00 ",yes," 36,100.00 ",20," 65,900.00 ",0," 7,200.00 "," 6,440.00 ",no,4 October 2025,11:47:32,,Fatuma Masudi,Cycle_2,Q3,"Business,School_fees,Food,Shelter,Other_hhs_needs"
143,Chete Cha kale ,Majoreni,kwale,26 June 2024,26 June 2024,2,34,13,0,0,#VALUE!,#VALUE!,36," 373,880.00 ",yes," 37,680.00 ",53," 200,700.00 ",13," 145,350.00 "," 14,050.00 ",yes,1 October 2025,12:05:49,,Fatuma mwasoza,Cycle_2,Q3,"Business,School_fees,Clothing,Food,Shelter"
194,Chiromo Seaweed Farmers,chiromo,kwale,3 June 2023,10 June 2023,2,59,7,0,0,always,high,30," 367,800.00 ",yes," 117,750.00 ",30," 70,000.00 ",28," 65,000.00 "," 6,500.00 ",yes,4 October 2025,11:41:01,,Stara Kassim,Cycle_1,Q3,"Business,School_fees,Food,Shelter,Other_hhs_needs"
4,Daima vsla,Mtibwa,kwale,3 July 2020,20 October 2023,1,20,5,0,1,always,high,24," 222,880.00 ",yes," 108,750.00 ",9," 111,000.00 ",8," 90,000.00 "," 1,110.00 ",no,20 June 2025,07:32:42,AM,Tima mwadau ,Cycle_2,Q2,"Business,School_fees,Shelter,Other_hhs_needs"
187,Dinani SHG ,Maweni/Takaungu ,kilifi,4 January 2022,4 January 2022,2,36,25,2,4,#VALUE!,#VALUE!,35," 181,560.00 ",yes," 34,500.00 ",30," 71,200.00 ",21," 53,000.00 "," 5,300.00 ",no,4 October 2025,08:00:44,,Husna Zawadi Mohamed ,Cycle_3,Q3,"Business,School_fees,Food"
18,Dzikunze Binti CBO,Dzikunze trading centre ,kilifi,6 August 2024,8 January 2025,1,23,0,3,0,always,high,17," 64,930.00 ",yes," 6,710.00 ",60," 195,900.00 ",46," 215,490.00 "," 19,590.00 ",yes,24 June 2025,10:59:13,AM,REHEMA JUMWA KATANA,Cycle_1,Q2,"Business,School_fees,Clothing,Food,Other_hhs_needs"
157,Dzikunze leaders ,Borasalama ,kilifi,5 November 2024,21 January 2025,1,24,7,0,0,often,moderate,31," 108,155.00 ",yes," 4,000.00 ",20," 96,230.00 ",15," 65,500.00 "," 20,135.00 ",no,1 October 2025,15:05:38,,Melania mapenzi kazungu ,Cycle_2,Q4,"Clothing,Food,Shelter,Other_hhs_needs"
15,DZIKUNZE WAMAMA CBO,DZIKUNZE TRADING CENTRE ,kilifi,8 October 2020,9 January 2025,1,18,0,0,0,always,high,18," 45,200.00 ",yes," 2,730.00 ",45," 112,310.00 ",18," 64,930.00 "," 8,280.00 ",no,24 June 2025,07:54:11,AM,MERCYLINE ZAWADI NYANJE,Cycle_1,Q2,"Business,School_fees,Food,Other_hhs_needs"
197,FIRDAUS VSLA ,Kidimu ,kwale,12 November 2024,29 November 2024,1,14,7,2,2,always,high,18," 169,400.00 ",yes," 14,400.00 ",30," 85,000.00 ",4," 50,000.00 "," 5,000.00 ",no,4 October 2025,12:36:26,,NASSORO KOPESHA ,Cycle_1,Q3,"Business,School_fees,Clothing,Food,Shelter,Other_hhs_needs"
126,Furaha Bazo widows group ,Vidungeni ,kwale,5 December 2024,27 December 2024,1,25,0,5,0,always,moderate,20," 37,000.00 ",yes," 3,200.00 ",6," 23,000.00 ",0," 7,000.00 ", -   ,no,25 September 2025,06:30:47,AM,Mwanamisi Bakari Ndaro,Cycle_1,Q3,"Business,School_fees"
161,Furaha VSLA ,Funzi,kwale,28 November 2024,5 December 2024,1,37,1,0,0,#VALUE!,#VALUE!,38," 308,350.00 ",yes," 23,730.00 ",28," 103,000.00 ",10," 77,430.00 "," 2,650.00 ",no,2 October 2025,07:40:44,,Kulthum Said Mohamed ,Cycle_1,Q3,"Business,School_fees,Clothing,Food,Shelter,Other_hhs_needs"
146,Heri SHG,Bondeni,kilifi,24 June 2021,10 February 2025,,29,4,0,0,always,moderate,20," 129,200.00 ",yes," 9,300.00 ",28," 93,900.00 ",14," 42,600.00 "," 9,390.00 ",no,1 October 2025,14:05:49,,Lennax Mwachiru Kai,Cycle_2,Q3,"Business,School_fees,Shelter,Other_hhs_needs"
192,Imani Moja Self help group ,Mafisini Kibaoni,kwale,29 October 2020,2 November 2024,,19,10,0,0,always,high,29," 177,200.00 ",yes," 11,200.00 ",29," 86,500.00 ",3," 38,925.00 "," 4,493.00 ",no,4 October 2025,09:14:35,,Faith Mutuku,Cycle_1,Q3,"Business,School_fees,Other_hhs_needs"
125,Imani Seaweed Farmers Gazi VSLA,Gazi,kwale,13 December 2024,13 December 2024,,24,4,0,0,always,high,26," 360,000.00 ",yes," 17,160.00 ",33," 70,000.00 ",24," 55,000.00 ", -   ,no,23 September 2025,11:58:32,AM,Mwanasha Mohamed lewe,Cycle_1,Q3,"Business,School_fees,Clothing,Food,Shelter"
17,Jeza group ,Ndugumnani,kilifi,7 April 2021,23 February 2025,,26,9,1,0,always,high,35," 140,000.00 ",yes, 700.00 ,29," 116,000.00 ",20," 80,000.00 "," 8,000.00 ",no,24 June 2025,09:38:14,AM,Thomas jimba kitsao,Cycle_1,Q2,"School_fees,Clothing,Food,Shelter"
54,JIPE MOYO CONSERVATION GROUP ,Mvumoni B,kwale,21 December 2024,8 March 2025,,16,7,0,0,always,moderate,23," 32,960.00 ",yes," 5,000.00 ",15," 51,000.00 ",0," 7,100.00 ", 710.00 ,no,28 June 2025,12:07:55,PM,David Dawa Ngoa,Cycle_1,Q2,"Business,School_fees,Other_hhs_needs"
180,Jitahidi shg ,Mkwajuni ,kilifi,26 March 2020,23 April 2020,,22,3,2,0,always,moderate,23," 45,000.00 ",yes," 3,000.00 ",25," 40,000.00 ",0," 15,000.00 "," 1,500.00 ",no,3 October 2025,11:39:53,,Zawadi  charo,Cycle_3,Q4,"Business,School_fees,Other_hhs_needs"
162,JITIHADA ,Aleni,kwale,17 July 2023,6 September 2024,,18,15,3,6,always,high,15," 64,200.00 ",yes," 10,950.00 ",15," 63,000.00 ",17500," 40,000.00 "," 9,900.00 ",no,2 October 2025,08:03:38,,Fatuma Mohamed Mtwana,Cycle_2,Q3,"Business,School_fees"
203,Jitume A,Kizingo maguniani,kilifi,20 January 2019,7 January 2025,,29,18,3,5,#VALUE!,#VALUE!,38," 379,540.00 ",yes," 27,200.00 ",61," 357,700.00 ",43," 299,000.00 "," 85,000.00 ",no,4 October 2025,14:54:11,,Charles kiti tembo,Cycle_1,Q3,"Business,School_fees,Shelter"
158,Juhudi women group ,Ndugumnani ,kilifi,19 March 2019,24 January 2025,,39,2,0,0,sometimes,moderate,40," 301,650.00 ",yes," 4,500.00 ",20," 498,550.00 ",15," 254,250.00 "," 51,055.00 ",no,1 October 2025,15:11:13,,Halima mwamuye ,Cycle_2,Q4,"School_fees,Food,Shelter,Other_hhs_needs"
147,Kaya Chonyi Conservation ,Vwevwesi ,kilifi,9 September 2016,21 February 2025,,19,10,0,0,always,moderate,13," 36,800.00 ",yes," 6,400.00 ",22," 33,600.00 ",13," 16,600.00 "," 3,360.00 ",yes,1 October 2025,14:12:43,,Christine Salama Kazungu ,Cycle_2,Q3,"Business,School_fees,Shelter,Other_hhs_needs"
84,KIBUYUNI SEAWEED GROUP A ,Kibuyuni ,kwale,21 February 2022,21 February 2022,,59,10,14,0,#VALUE!,#VALUE!,69," 205,910.00 ",yes," 47,390.00 ",58," 130,000.00 ",17," 53,900.00 "," 28,300.00 ",no,30 June 2025,12:46:26,PM,Tima jasho,Cycle_1,Q2,"Business,School_fees,Clothing,Food,Shelter"
207,KIJIWENI SELF HELP GROUP ,KIJIWENI ,kwale,17 October 2024,17 October 2024,,14,13,0,0,always,high,27," 2,051,500.00 ",yes," 19,200.00 ",17," 200,600.00 ",6," 33,000.00 "," 23,710.00 ",no,5 October 2025,08:37:14,,MWANAIDI RAMA,Cycle_1,Q3,"Business,School_fees,Clothing,Food,Shelter,Other_hhs_needs"
50,Kivurini mangrove ,Kaurangwa,kilifi,27 December 2024,26 December 2024,,7,9,1,0,always,high,16," 162,000.00 ",yes," 20,000.00 ",14," 360,500.00 ",14," 140,000.00 "," 28,085.00 ",no,27 June 2025,02:40:48,PM,Phidelis Bakari  Kalama,Cycle_1,Q2,"Business,School_fees,Food,Other_hhs_needs"
66,KIWAMBALE CONSERVATION ,KIWAMBALE ,kwale,24 November 2024,2 February 2025,,19,11,0,0,always,high,30," 115,000.00 ",yes," 7,120.00 ",21," 203,100.00 ",21," 192,500.00 "," 9,910.00 ",no,29 June 2025,09:12:47,AM,MWANFATIME DIWANI,Cycle_1,Q2,"Business,School_fees,Other_hhs_needs"
139,Kumekucha mwaembe ,Mwagundu,kwale,4 December 2024,4 December 2024,,31,0,7,0,always,high,25," 104,210.00 ",yes," 8,800.00 ",50," 158,700.00 ",24," 79,600.00 ", -   ,no,1 October 2025,06:19:14,,Mwanakombo Musa Reje,Cycle_1,Q3,"Business,School_fees,Food,Other_hhs_needs"
213,Kuna Nuru angani,Silala kakinda,kilifi,6 September 2020,12 February 2025,,20,7,0,0,always,high,27," 131,700.00 ",yes," 18,360.00 ",40," 80,000.00 ",10," 4,000.00 "," 22,150.00 ",no,6 October 2025,11:59:38,,Amina sidi samuel,Cycle_1,Q3,"Business,School_fees,Shelter"
149,Kuna Nuru Shambani,Mwembekati,kilifi,28 February 2025,6 March 2025,,14,10,0,0,often,low,16," 39,850.00 ",yes," 5,920.00 ",22," 33,000.00 ",14," 21,000.00 "," 3,300.00 ",no,1 October 2025,14:24:55,,Christopher Gambo,Cycle_2,Q3,"Business,School_fees,Shelter,Other_hhs_needs"
186,Kwale Environmental Conservation group,Kibaoni mafisini,kwale,5 October 2024,5 October 2024,,21,7,2,2,always,high,28," 108,050.00 ",yes," 22,040.00 ",28," 86,110.00 ",28," 61,660.00 "," 6,166.00 ",yes,4 October 2025,07:23:22,,Mary mither mbithe makau,Cycle_1,Q3,"Business,School_fees,Food,Other_hhs_needs"
200,Langoni SHG ,Mwangatini/Takaungu ,kilifi,30 June 2024,1 September 2024,,21,7,0,1,always,high,4," 35,000.00 ",yes," 18,000.00 ",8," 28,000.00 ",6," 21,000.00 "," 2,100.00 ",no,4 October 2025,13:42:19,,Ali Kazungu Khamisi ,Cycle_3,Q3,"Business,School_fees,Other_hhs_needs"
170,Lulwamwe CBo ,Vijiweni/Takaungu ,kilifi,13 January 2023,21 February 2025,,71,9,6,0,always,moderate,46," 69,765.00 ",yes," 13,640.00 ",15," 29,230.00 ",9," 18,100.00 "," 6,410.00 ",yes,2 October 2025,13:25:24,,Lilian nyadzua  mbui,Cycle_2,Q4,"Business,School_fees,Food,Other_hhs_needs"
142,Mabadiliko Vidungeni VSLA ,Vidungeni ,kwale,4 December 2024,11 December 2024,,27,0,0,0,always,moderate,27," 183,700.00 ",yes," 20,750.00 ",48," 151,500.00 ",30," 58,850.00 "," 8,650.00 ",yes,1 October 2025,11:08:04,,Asha Suleiman Shauri ,Cycle_1,Q3,"Business,School_fees,Clothing,Food,Shelter,Other_hhs_needs"
23,Maendeleo s h g group ,Dzikunze ,kilifi,17 October 2024,10 February 2025,,25,0,0,0,always,high,25," 100,000.00 ",yes, 500.00 ,20," 80,000.00 ",19," 76,000.00 "," 10,000.00 ",no,24 June 2025,08:12:08,PM,Sikubali charo,Cycle_1,Q2,"Business,School_fees,Clothing,Food,Shelter"
20,Mafinikio Women Group ,Munje,kwale,7 October 2024,14 January 2025,,24,2,2,1,always,moderate,23," 64,870.00 ",yes," 7,840.00 ",17," 58,500.00 ",1," 24,300.00 ", 100.00 ,yes,24 June 2025,01:33:42,PM,Mwanasiti Abdalla Boga ,Cycle_1,Q2,"Business,School_fees,Food,Other_hhs_needs"
171,MAJORENI BMU CONSERVATION A,Aleni,kwale,28 August 2024,5 September 2024,,41,4,2,2,#VALUE!,#VALUE!,43," 196,670.00 ",yes," 31,730.00 ",33," 95,580.00 ",0," 58,720.00 "," 10,850.00 ",no,2 October 2025,14:13:03,,Siaba Bakari Lulu,Cycle_2,Q3,"Business,School_fees,Other_hhs_needs"
199,Matumaini SHG ,Kanyumbuni ,kilifi,13 June 2024,27 March 2025,,14,6,3,1,always,moderate,12," 15,000.00 ",yes," 4,000.00 ",4," 8,000.00 ",3," 6,000.00 ", 600.00 ,no,4 October 2025,13:24:29,,Mary Katana Ruwa ,Cycle_3,Q3,School_fees
163,Mbweni,Aleni,kwale,17 February 2019,3 November 2024,,11,11,2,1,always,high,22," 62,400.00 ",yes," 10,850.00 ",20," 51,000.00 ",0," 22,900.00 "," 5,200.00 ",no,2 October 2025,08:15:00,,Ali Mwatambee,Cycle_2,Q3,"Business,School_fees,Other_hhs_needs"
83,Miwani self help group ,Takaungu  miwani ,kilifi,6 June 2023,6 June 2023,,18,0,3,0,always,moderate,16," 25,750.00 ",yes," 9,710.00 ",12," 21,700.00 ",10," 12,025.00 "," 3,635.00 ",no,30 June 2025,12:39:22,PM,Celestine Nguwa,Cycle_3,Q2,"Business,School_fees,Food,Other_hhs_needs"
91,Mkwajuni young mothers ,Takaungu kibaoni ,kilifi,30 July 2024,4 August 2024,,26,5,0,0,always,high,30," 28,150.00 ",yes," 10,009.00 ",4," 1,000.00 ",1," 1,000.00 ", 100.00 ,yes,1 July 2025,07:34:20,,Silvia Blandina ,Cycle_2,Q2,"Business,School_fees,Clothing,Food,Other_hhs_needs"
132,MKWIRO SEAWEED DEVELOPMENT GROUP A,MKWIRO ,kwale,23 September 2024,23 September 2024,3,79,10,0,3,#VALUE!,#VALUE!,85," 635,900.00 ",#VALUE!," 56,710.00 ",52," 342,500.00 ",27," 201,300.00 "," 59,200.00 ",no,29 September 2025,07:30:38,AM,MWANAMKUU BAKARI MOHAMED,Cycle_1,Q3,"Business,School_fees,Clothing,Food,Shelter"
14,Mkwiro seaweed group A,Mkwiro ,kwale,23 September 2024,23 September 2024,,79,10,0,0,#VALUE!,#VALUE!,89," 464,230.00 ",#VALUE!," 67,360.00 ",29," 89,700.00 ",89," 388,600.00 "," 133,650.00 ",#VALUE!,15 June 2276,01:21:12,#VALUE!,#VALUE!,#VALUE!,Q2,"Business,School_fees,Clothing,Food,Shelter"
140,Moriani  CBO ,Boyani ,kilifi,26 August 2024,8 January 2025,,45,9,4,1,always,high,40," 70,000.00 ",yes," 10,000.00 ",3," 33,000.00 ",3," 33,000.00 "," 3,300.00 ",yes,1 October 2025,08:28:30,,Shingila  harry.kitole,Cycle_2,Q4,"Business,School_fees,Shelter,Other_hhs_needs"
94,Moriani CBO ,Boyani,kilifi,10 March 2021,15 January 2025,,47,13,5,4,always,moderate,20," 10,000.00 ",yes," 3,000.00 ",0, -   ,0, -   , -   ,na,2 July 2025,07:27:26,,Shingila  Harry  kitole,Cycle_1,Q2,Other_hhs_needs
112,Msahau Mila Bundika,Silala,kilifi,11 March 2013,28 January 2025,,14,14,2,1,always,moderate,28," 74,655.00 ",yes," 10,040.00 ",19," 58,650.00 ",6," 23,500.00 "," 5,865.00 ",no,8 July 2025,14:51:23,,Mwakalu Nyale Ngala,Cycle_1,Q2,"School_fees,Clothing,Shelter,Other_hhs_needs"
148,Msahau Mila Bundika,Kizingo,kilifi,11 March 2013,28 January 2025,,14,14,3,1,always,moderate,28," 98,655.00 ",yes," 15,020.00 ",28," 72,850.00 ",14," 38,400.00 "," 7,285.00 ",no,1 October 2025,14:19:07,,Mwakalu Nyale Ngala,Cycle_2,Q3,"Business,School_fees,Shelter,Other_hhs_needs"
113,Mta Wa Saba A,Bondeni,kilifi,9 November 2015,8 January 2025,,15,6,0,0,always,moderate,18," 37,500.00 ",yes," 13,590.00 ",23," 37,500.00 ",9," 19,500.00 "," 3,720.00 ",no,8 July 2025,15:06:21,,Tsuma Charo Lwembe,Cycle_1,Q2,"School_fees,Clothing,Food,Other_hhs_needs"
121,Mta Wa Saba B,Bondeni,kilifi,9 November 2015,8 January 2025,,13,9,0,0,always,moderate,19," 45,600.00 ",yes," 12,450.00 ",20," 42,800.00 ",6," 20,200.00 "," 4,280.00 ",no,15 September 2025,06:55:56,PM,Claris Kwekwe Sanga,Cycle_2,Q2,"Business,School_fees,Food,Other_hhs_needs"
114,Mta Wa Saba B ,Bondeni ,kilifi,9 November 2015,8 January 2025,,13,9,0,0,always,moderate,19," 45,600.00 ",yes," 13,590.00 ",20," 112,800.00 ",6," 40,200.00 "," 11,450.00 ",no,8 July 2025,15:32:28,,Claris Kwekwe Sanga ,Cycle_1,Q2,"Business,School_fees,Food,Other_hhs_needs"
150,Mtaa Wa Saba A,Bondeni,kilifi,9 November 2015,8 January 2025,,15,6,0,0,always,moderate,18," 48,200.00 ",yes," 18,990.00 ",31," 45,000.00 ",15," 30,400.00 "," 4,500.00 ",no,1 October 2025,14:34:45,,Tsuma Charo Lwembe,Cycle_2,Q3,"Business,School_fees,Shelter,Other_hhs_needs"
151,Mtaa Wa Saba B,Bondeni,kilifi,9 November 2015,8 January 2025,,13,9,0,0,always,moderate,19," 56,300.00 ",yes," 17,850.00 ",28," 53,000.00 ",12," 32,100.00 "," 5,300.00 ",na,1 October 2025,14:39:48,,Claris Kwekwe Sanga,Cycle_2,Q3,"Business,School_fees,Shelter,Other_hhs_needs"
67,Mtimbwani seaweed - Mapatano Vsla ,Mtimbwani ,kwale,17 November 2023,24 February 2025,,26,9,0,0,always,high,35," 65,400.00 ",yes," 13,800.00 ",16," 23,800.00 ",1," 2,000.00 ", 200.00 ,no,29 June 2025,09:22:41,AM,Juma Mohamed hamisi,Cycle_2,Q2,"Business,School_fees,Shelter,Other_hhs_needs"
176,MTIMBWANI VSLA,MTIMBWANI,kwale,5 May 2023,24 February 2025,,26,9,0,0,always,high,35," 109,900.00 ",yes," 12,050.00 ",25," 40,600.00 ",15700, 10.00 ," 4,060.00 ",no,3 October 2025,06:54:58,,JUMA MOHAMED HAMISI,Cycle_2,Q3,"Business,School_fees,Shelter,Other_hhs_needs"
47,Mwachande Disabled Group,Mwachande ,kwale,7 July 2015,29 October 2024,,23,5,2,0,always,high,26," 50,300.00 ",yes," 24,710.00 ",19," 66,490.00 ",7," 25,000.00 "," 2,500.00 ",yes,27 June 2025,12:26:51,PM,TOT Amina Hassan Mwafrika CBT Rukia Bakari Koja,Cycle_1,Q2,"Business,School_fees,Food,Other_hhs_needs"
193,Mwachande Disabled group ,Mwachande,kwale,7 July 2015,29 October 2024,,24,3,3,1,always,high,27," 199,500.00 ",yes," 22,000.00 ",27," 170,000.00 ",14," 45,450.00 "," 4,545.00 ",no,4 October 2025,10:06:28,,Rukia Bakari,Cycle_1,Q3,"Business,School_fees,Other_hhs_needs"
43,Mwahera Sub-location village elders self help group ,Kang'amboni North,kilifi,2 June 2016,26 February 2025,,6,10,2,0,always,high,13," 6,420.00 ",yes," 1,100.00 ",8," 35,000.00 ",8," 22,870.00 "," 4,000.00 ",yes,26 June 2025,12:59:27,PM,Ferdinand Murabu Mwaguni,Cycle_1,Q2,"Business,School_fees,Food,Other_hhs_needs"
106,Mwakizi A,Kizingo chiefs office ,kilifi,24 February 2025,7 July 2025,,9,13,0,0,always,high,18," 18,850.00 ",yes, 450.00 ,14," 19,000.00 ",7," 3,350.00 ", 850.00 ,no,6 July 2025,12:46:16,,Derric gambo gwabi,Cycle_1,Q2,"Business,School_fees"
211,Mwakizi A,Kizingo chiefs office ,kilifi,24 February 2025,3 March 2025,,8,12,1,1,always,moderate,19," 25,300.00 ",yes," 6,470.00 ",17," 21,250.00 ",5," 7,150.00 "," 8,500.00 ",no,6 October 2025,11:43:20,,Derric  gambo gwabi,Cycle_1,Q3,"School_fees,Clothing,Food"
110,Mwakizi B,Kizingo chiefs office ,kilifi,3 March 2025,7 April 2025,,3,11,0,0,always,high,14," 25,190.00 ",yes," 3,840.00 ",13," 25,190.00 ",10," 22,650.00 "," 6,800.00 ",no,6 July 2025,13:17:32,,Lewa said,Cycle_1,Q2,"Business,School_fees,Food"
212,Mwakizi B,Kizingo chiefs office ,kilifi,6 January 2025,3 February 2025,,3,11,0,0,always,high,14," 40,640.00 ",yes," 6,820.00 ",14," 40,310.00 ",10," 13,040.00 "," 8,500.00 ",no,6 October 2025,11:49:33,,Mbaga lewa said,Cycle_1,Q3,"Business,School_fees,Food"
201,Mwalungachumi  vsla ,Machandzuni,kwale,26 September 2022,14 February 2025,,28,2,0,0,always,moderate,30," 197,200.00 ",yes," 5,600.00 ",30," 151,100.00 ",13," 117,300.00 "," 22,200.00 ",no,4 October 2025,14:26:01,,Hellen Masha,Cycle_1,Q3,"Business,School_fees,Food,Shelter,Other_hhs_needs"
46,Mwalungachumi vsla ,Machandzuni,kwale,26 September 2022,14 February 2025,,30,2,0,0,always,high,29," 114,300.00 ",no," 4,450.00 ",24," 149,500.00 ",14," 74,500.00 "," 14,950.00 ",no,27 June 2025,10:22:07,AM,Hellen Masha,Cycle_1,Q2,"Business,School_fees,Food,Shelter,Other_hhs_needs"
65,Mwambao mkuyuni youth VSLA ,Mwambao ,kwale,2 March 2025,2 March 2025,,21,7,3,3,always,moderate,20," 28,600.00 ",yes," 15,550.00 ",5," 27,000.00 ",0, -   , -   ,no,29 June 2025,09:04:02,AM,Fatuma Idii ,Cycle_2,Q2,"Business,School_fees,Other_hhs_needs"
82,Mwandzo Mpya GRSG ,YUNGI,kwale,26 September 2024,26 September 2024,,12,6,0,0,always,high,18," 49,300.00 ",yes," 18,730.00 ",18," 17,850.00 ",0, -   ," 5,740.00 ",no,30 June 2025,11:39:59,AM,MDIGO  BEJA  MANGALE,Cycle_2,Q2,"Business,School_fees,Other_hhs_needs"
136,Mwandzo mpya yungi ,Yungi ,kwale,26 September 2024,26 September 2024,,18,5,1,0,always,high,26," 12,240.00 ",yes," 12,980.00 ",0, -   ,0, -   , 240.00 ,no,30 September 2025,09:21:01,AM,Mdigo Beja  Mangale ,Cycle_2,Q3,"Business,School_fees,Other_hhs_needs"
39,Mwangaza Milalani Widows group ,Milalani,kwale,5 June 2024,31 October 2024,,23,0,0,0,always,high,12," 41,300.00 ",yes," 2,300.00 ",7," 24,000.00 ",2," 17,800.00 "," 2,400.00 ",no,26 June 2025,10:38:15,AM,"Tot Amani Muuo kyuma, cbt Hadija Abdi Cjembea",Cycle_1,Q2,"Business,School_fees,Other_hhs_needs"
137,Mwangaza Milalani Widows group ,Milalani ,kwale,5 June 2024,31 October 2024,,23,0,1,0,always,moderate,17," 47,950.00 ",yes, 600.00 ,17," 122,000.00 ",6," 28,000.00 "," 2,900.00 ",no,30 September 2025,12:33:02,PM,Hadija Abdu Cjembea ,Cycle_1,Q3,"Business,School_fees,Other_hhs_needs"
53,Mwazaro VSLA 1 ,Mwazaro,kwale,27 June 2024,26 July 2024,,17,15,0,0,always,low,20," 334,345.00 ",yes," 35,265.00 ",45," 257,300.00 ",28," 77,045.00 "," 20,650.00 ",yes,28 June 2025,10:32:05,AM,Rehema zuberi,Cycle_2,Q2,"School_fees,Other_hhs_needs"
68,Mwazaro VSLA 2 ,Mwazaro ,kwale,22 May 2024,22 May 2024,,17,2,0,0,always,moderate,19," 253,660.00 ",yes," 52,000.00 ",18," 200,000.00 ",14," 185,150.00 "," 15,570.00 ",yes,29 June 2025,09:42:44,AM,Mwanasha mwakuro Alawi,Cycle_2,Q2,"Business,School_fees,Clothing,Food,Shelter,Other_hhs_needs"
165,Mzalendo cbo lungalunga ,Mwalago ,kwale,10 October 2021,9 January 2024,,31,10,21,0,always,high,31," 77,600.00 ",yes," 33,400.00 ",31," 72,310.00 ",15," 41,100.00 "," 4,200.00 ",no,2 October 2025,09:43:44,,Asha Hassan Abdallah,Cycle_1,Q3,"Business,School_fees,Clothing,Food,Shelter,Other_hhs_needs"
35,Mzalendo LungaLunga cbo VSLA,Mwalago,kwale,10 October 2021,9 January 2025,,21,10,1,0,always,high,21," 58,000.00 ",yes," 28,500.00 ",15," 38,200.00 ",10," 21,300.00 "," 1,700.00 ",yes,26 June 2025,09:09:27,AM,Asha Hassan Abdallah,Cycle_1,Q2,"Business,School_fees,Clothing,Food,Shelter,Other_hhs_needs"
38,Mzalendo LungaLunga cbo VSLA,Mwalago ,kwale,10 October 2021,9 January 2025,,21,10,1,0,always,high,31," 58,000.00 ",yes," 28,500.00 ",15," 38,200.00 ",10," 21,300.00 "," 1,700.00 ",no,26 June 2025,10:33:55,AM,Asha Hassan Abdallah ,Cycle_1,Q2,"Business,School_fees,Clothing,Food,Shelter,Other_hhs_needs"
167,Nikumbuke VSLA A,Tiwi juakali,kwale,1 January 2017,17 January 2025,,21,0,0,0,always,moderate,21," 264,370.00 ",yes," 42,350.00 ",21," 249,130.00 ",10," 123,650.00 "," 53,580.00 ",no,2 October 2025,10:39:52,,Christine Nzilani ,Cycle_2,Q3,"Business,School_fees,Clothing,Food,Shelter,Other_hhs_needs"
37,Nikumbuke vsla A ,Tiwi juakali,kwale,1 January 2017,17 January 2025,,21,0,0,0,always,high,21," 201,100.00 ",yes," 27,300.00 ",15," 144,000.00 ",10," 60,150.00 "," 29,400.00 ",no,26 June 2025,10:16:44,AM,Christine Nzilani,Cycle_2,Q2,"Business,School_fees,Clothing,Food,Shelter,Other_hhs_needs"
81,Nikumbuke vsla B,Tiwi juakali,kwale,1 January 2017,17 January 2025,,23,0,0,0,always,high,23," 81,400.00 ",yes," 9,200.00 ",19," 77,500.00 ",14," 64,000.00 "," 10,630.00 ",no,30 June 2025,09:33:33,AM,Elizabeth kandi,Cycle_1,Q2,"Business,School_fees,Food,Shelter,Other_hhs_needs"
168,Nikumbuke vsla B,Tiwi juakali,kwale,2 October 2017,17 January 2025,,23,0,0,0,always,moderate,23," 123,800.00 ",yes," 14,800.00 ",23," 102,000.00 ",11," 50,500.00 "," 14,800.00 ",no,2 October 2025,10:56:48,,Elizabeth kandi,Cycle_2,Q3,"Business,School_fees,Clothing,Food,Shelter,Other_hhs_needs"
115,Nuru Islamic ,Mtibwa,kwale,11 October 2017,9 August 2024,,16,15,0,0,always,high,31," 341,200.00 ",yes," 68,200.00 ",0, -   ,0, -   , -   ,na,9 July 2025,11:28:47,,Mohamed nassoro,Cycle_2,Q2,"Business,School_fees,Clothing,Shelter,Other_hhs_needs"
44,Nuru majani,Mavueni miwani,kilifi,6 September 2023,12 September 2023,,17,0,4,0,always,high,12," 13,050.00 ",yes," 2,500.00 ",7," 7,000.00 ",0, -   , 300.00 ,no,27 June 2025,08:07:47,AM,Julius chiriba,Cycle_3,Q2,"Business,School_fees,Clothing,Food,Other_hhs_needs"
103,Nuruangani,Kizingo kskinda,kilifi,6 September 2020,12 February 2025,,20,7,0,0,always,high,27," 85,950.00 ",yes," 11,340.00 ",33," 40,000.00 ",12," 23,000.00 "," 11,000.00 ",no,6 July 2025,11:23:30,,Hannington mbaga,Cycle_1,Q2,"Business,School_fees,Food"
5,OKOA BAHARI GRSG,ALENI,kwale,26 September 2024,20 September 2024,,21,9,0,1,always,high,29," 60,000.00 ",yes," 15,000.00 ",20000," 20,000.00 ",5000," 5,000.00 "," 10,000.00 ",no,20 June 2025,12:42:42,PM,HAMISI BAKARI MAKAME,Cycle_2,Q2,"Business,School_fees"
127,Okoa Bakari ,Aleni,kwale,20 September 2024,20 September 2024,,21,9,0,0,always,high,30," 78,000.00 ",yes," 9,000.00 ",25," 15,000.00 ",0," 80,000.00 ", -   ,no,26 September 2025,11:58:39,AM,Hamisi Bakari Makame,Cycle_2,Q3,"Business,School_fees"
73,PATANISHO YOUTH GROUP ,Vuma,kilifi,24 September 2022,24 September 2022,,30,7,2,3,always,moderate,25," 30,000.00 ",yes," 5,000.00 ",34," 30,000.00 ",15," 15,000.00 "," 5,000.00 ",no,29 June 2025,01:21:28,PM,GLADYS  MUENI,Cycle_1,Q2,"Business,School_fees,Food,Shelter"
159,PATANISHO YOUTH GROUP ,Vuma/Takaungu ,kilifi,25 August 2022,8 January 2025,,32,5,3,0,always,moderate,30," 105,000.00 ",yes," 65,000.00 ",15," 80,000.00 ",13," 65,000.00 "," 6,500.00 ",no,2 October 2025,06:26:33,,Gladys   mueni,Cycle_3,Q4,"Business,School_fees,Shelter,Other_hhs_needs"
191,Rechael Furaha kazungu ,Kanyumbuni ,kilifi,30 January 2020,7 January 2021,,30,0,3,0,always,high,27," 42,000.00 ",yes," 17,000.00 ",8," 27,000.00 ",5," 23,500.00 "," 2,350.00 ",no,4 October 2025,08:59:07,,Upendo Women group ,Cycle_3,Q3,"Business,School_fees,Other_hhs_needs"
188,Shangani Amani Enterprises ,Nyumba Sita ,kwale,2 March 2023,2 March 2023,,23,7,0,0,always,high,25," 3,750.00 ",yes, 40.00 ,0, -   ,0, -   , -   ,no,4 October 2025,08:08:37,,Mwanasiti Ali Juba,Cycle_3,Q2,"Business,School_fees,Food,Other_hhs_needs"
190,Shangani Amani Enterprises ,Nyumba Sita ,kwale,2 March 2023,2 March 2023,,23,7,0,0,always,high,25," 30,250.00 ",yes, 80.00 ,43," 58,000.00 ",10," 33,100.00 "," 5,200.00 ",no,4 October 2025,08:15:54,,Mwanasiti Ali Juba,Cycle_3,Q3,"Business,School_fees,Food,Other_hhs_needs"
45,Siwema Jikaze ,Shirazi Pwani,kwale,26 January 2024,7 February 2025,,30,2,0,0,always,moderate,32," 170,900.00 ",yes," 29,380.00 ",41," 165,000.00 ",12," 57,585.00 "," 3,105.00 ",no,27 June 2025,08:25:44,AM,Mwanasha Jecha Swaleh,Cycle_2,Q2,"Business,School_fees,Clothing,Food,Other_hhs_needs"
179,Siwema Jikaze VSLA,Shirazi,kwale,26 January 2024,26 January 2024,,30,2,0,0,always,high,32," 411,655.00 ",yes," 49,970.00 ",61," 264,000.00 ",30," 183,185.00 "," 14,165.00 ",no,3 October 2025,10:44:37,,Mwanasha Jecha,Cycle_2,Q3,"Business,School_fees,Clothing,Food,Shelter,Other_hhs_needs"
130,Subira Vsla,Kidimu,kwale,24 November 2024,1 December 2024,,18,4,2,0,always,moderate,19," 258,700.00 ",yes," 33,400.00 ",42," 348,300.00 ",34," 265,800.00 "," 26,580.00 ",yes,28 September 2025,10:59:26,AM,Saumu Hassan George ,Cycle_1,Q3,"Business,School_fees,Clothing,Food,Shelter,Other_hhs_needs"
69,Subira women VSLA ,Kidimu,kwale,24 November 2024,1 December 2024,,19,3,2,0,always,high,21," 155,300.00 ",yes," 25,750.00 ",29," 91,200.00 ",17," 44,200.00 "," 4,420.00 ",yes,29 June 2025,11:10:02,AM,Saumu Hassan George,Cycle_1,Q2,"Business,School_fees,Other_hhs_needs"
131,Takaungu Hongera Tree nursery ,Kanyumbuni ,kilifi,6 November 2023,23 September 2024,,26,10,4,5,always,high,27," 124,660.00 ",yes," 11,750.00 ",25," 60,600.00 ",20," 27,400.00 "," 17,000.00 ",no,29 September 2025,07:24:04,AM,Josephine salame  ziro,Cycle_2,Q4,"Business,School_fees,Other_hhs_needs"
79,Takaungu Hongera Tree nursery shg,Kanyumbuni ,kilifi,23 November 2023,24 June 2024,,29,7,1,4,always,moderate,16," 74,280.00 ",yes," 10,000.00 ",15," 80,000.00 ",3," 9,900.00 ", 900.00 ,no,30 June 2025,07:41:05,AM,Josephine   salaries  ziro,Cycle_1,Q2,"Business,School_fees,Other_hhs_needs"
87,Tawakal SHG ,Takaungu,kilifi,12 October 2024,15 January 2025,,16,5,2,1,always,moderate,18," 28,650.00 ",yes," 14,550.00 ",10," 22,000.00 ",7," 19,000.00 "," 1,900.00 ",yes,30 June 2025,02:15:14,PM,Michael chengo karisa,Cycle_1,Q2,"Business,School_fees,Shelter,Other_hhs_needs"
189,Tawakali SHG ,Takaungu ,kilifi,12 October 2024,15 January 2025,,21,7,2,2,always,moderate,20," 28,500.00 ",yes, 17.00 ,6," 22,500.00 ",4," 19,500.00 "," 1,950.00 ",no,4 October 2025,08:11:44,,Michael Chengo  Karisa ,Cycle_3,Q3,"School_fees,Other_hhs_needs"
138,Timboni Environment al ,Timboni kisimani,kilifi,21 November 2017,10 September 2024,,28,15,0,0,always,moderate,40," 75,400.00 ",yes," 7,040.00 ",15," 16,500.00 ",10," 17,500.00 "," 3,050.00 ",no,30 September 2025,01:23:15,PM,Riziki  Adam  Salim,Cycle_2,Q4,"Business,School_fees,Food,Shelter"
92,Timboni ENVIRONMENTAL ,TIMBONI ,kilifi,6 November 2017,4 June 2024,,30,15,2,6,always,moderate,32," 44,000.00 ",yes," 11,925.00 ",7," 23,850.00 ",2," 12,800.00 "," 1,100.00 ",no,1 July 2025,10:00:22,,RIZIKI ADAM SALIM,Cycle_1,Q2,"Business,School_fees"
104,TitumeB,Kizingo maguniani,kilifi,20 February 2019,7 January 2025,,15,9,4,16,always,high,16," 133,000.00 ",yes," 15,000.00 ",21," 154,320.00 ",133000," 45,600.00 "," 20,000.00 ",no,6 July 2025,12:25:50,,Peninah uchi  deche,Cycle_1,Q2,"Business,School_fees,Shelter"
105,TitumeB A,Kizingo maguniani,kilifi,20 January 2025,8 July 2025,,14,9,4,15,always,high,23," 130,500.00 ",yes," 44,130.00 ",15," 120,000.00 ",80000," 60,000.00 "," 19,500.00 ",no,6 July 2025,12:35:15,,Charles kiti tembo,Cycle_1,Q2,"Business,School_fees,Shelter"
102,Tsetsezani,Kadengodengoni,kilifi,14 October 2018,7 January 2025,,25,2,4,3,always,high,25," 56,900.00 ",yes," 7,200.00 ",27," 56,900.00 ",14," 17,300.00 "," 8,000.00 ",no,6 July 2025,11:10:32,,Santa kaingu mwadzombo,Cycle_1,Q2,"Business,School_fees"
210,Tsetsezani,Kadengodengoni,kilifi,14 October 2018,4 February 2025,,25,2,0,0,always,high,25," 51,700.00 ",yes," 16,300.00 ",43," 65,500.00 ",25," 35,500.00 "," 28,900.00 ",no,6 October 2025,11:33:05,,Santa kaingu,Cycle_1,Q3,"Business,School_fees,Shelter"
99,Tuhenzane shg ,Mkwajuni ,kilifi,12 January 2023,9 January 2025,,24,0,13,2,always,moderate,20," 60,000.00 ",yes," 5,000.00 ",15," 42,500.00 ",2," 25,000.00 "," 4,250.00 ",no,3 July 2025,10:00:44,,ELIZABETH CHANGA  KIRAO ,Cycle_1,Q2,"Business,School_fees,Food,Other_hhs_needs"
164,Tuhenzane shg ,Mkwajuni  /Takaungu ,kilifi,12 January 2023,30 January 2025,,24,2,0,2,always,moderate,17," 74,500.00 ",yes," 11,520.00 ",17," 56,000.00 ",6," 24,000.00 "," 2,400.00 ",no,2 October 2025,09:16:25,,Elizabeth changa kirao,Cycle_3,Q4,"Business,School_fees,Food,Other_hhs_needs"
109,Tumaini kizingo,Kizingo buta,kilifi,10 March 2015,6 January 2025,,28,10,0,0,always,high,30," 77,500.00 ",yes," 16,500.00 ",25," 77,500.00 ",7," 50,150.00 "," 12,000.00 ",no,6 July 2025,13:08:17,,Lilian mwatsuma deche,Cycle_1,Q2,"Business,School_fees,Clothing"
205,Tumaini kizingo,Kizingo buta,kilifi,10 March 2015,6 October 2025,,28,10,2,6,always,high,30," 100,200.00 ",yes," 25,820.00 ",37," 128,900.00 ",20," 74,140.00 "," 26,000.00 ",no,4 October 2025,15:14:06,,Lilian mwatsuma deche,Cycle_1,Q3,"Business,School_fees"
29,Tumaini Ondoni A,Ondoni ,kilifi,24 June 2019,5 February 2025,,23,5,0,0,always,moderate,26," 39,720.00 ",yes," 5,520.00 ",40," 70,840.00 ",15," 21,500.00 "," 7,080.00 ",no,25 June 2025,03:27:31,PM,Caroline Kiti Kuhe,Cycle_1,Q2,"Business,School_fees,Food,Shelter"
122,Tumaini Ondoni A,Bondeni ,kilifi,24 June 2019,5 February 2025,,23,5,0,0,always,high,26," 58,360.00 ",yes," 5,520.00 ",16," 50,800.00 ",9," 24,300.00 "," 5,080.00 ",no,15 September 2025,07:15:17,PM,Caroline Kiti Kuhe,Cycle_2,Q2,"School_fees,Food,Other_hhs_needs"
153,Tumaini Ondoni A,Bondeni ,kilifi,24 June 2019,5 February 2025,,23,5,0,0,always,high,26," 79,160.00 ",yes," 8,020.00 ",24," 68,400.00 ",14," 39,200.00 "," 6,840.00 ",no,1 October 2025,14:48:29,,Caroline Kiti Kuhe,Cycle_2,Q3,"Business,School_fees,Shelter,Other_hhs_needs"
30,Tumaini Ondoni B,Ondoni ,kilifi,24 June 2019,5 February 2025,,24,0,0,0,always,moderate,19," 12,480.00 ",yes," 3,280.00 ",18," 15,500.00 ",9," 6,500.00 "," 1,550.00 ",no,25 June 2025,03:35:51,PM,Caroline Kiti Kuhe ,Cycle_1,Q2,"Business,School_fees,Food"
123,Tumaini Ondoni B,Bondeni ,kilifi,24 June 2019,5 February 2025,,24,0,0,0,always,high,19," 22,480.00 ",yes," 3,280.00 ",12," 20,000.00 ",6," 10,600.00 "," 2,250.00 ",no,15 September 2025,07:21:19,PM,Caroline Kiti Kuhe ,Cycle_2,Q2,"Business,School_fees,Food,Other_hhs_needs"
154,Tumaini Ondoni B,Bondeni ,kilifi,24 June 2019,5 February 2025,,24,0,0,0,always,high,19," 36,240.00 ",yes," 4,780.00 ",18," 29,100.00 ",9," 16,500.00 "," 2,910.00 ",no,1 October 2025,14:54:10,,Grace Banda,Cycle_2,Q3,"Business,School_fees,Shelter,Other_hhs_needs"
28,Tumaini self Help Group ,Vijiweni ,kilifi,15 April 2008,22 April 2008,,16,4,0,0,always,moderate,20," 25,000.00 ",yes," 25,000.00 ",8," 18,000.00 ",3," 7,000.00 ", 700.00 ,no,25 June 2025,01:50:45,PM,Abdulrazaq Kahindi,Cycle_1,Q2,"Business,School_fees,Other_hhs_needs"
175,Tumaini self help group ,Vijiweni/Takaungu ,kilifi,21 November 2024,13 February 2025,,19,3,8,0,always,low,12," 20,000.00 ",yes," 12,000.00 ",2," 9,000.00 ",1," 5,000.00 ", 500.00 ,no,2 October 2025,14:50:49,,ADULRAZAK KAHINDI,Cycle_3,Q3,"Business,School_fees"
119,Tumbe seaweed farmers,Tumbe,kwale,14 April 2019,18 May 2023,,32,10,0,0,always,high,42," 154,700.00 ",yes," 30,000.00 ",66," 100,000.00 ",42," 75,000.00 "," 7,500.00 ",no,17 July 2025,11:30:52,AM,Ashura shee boi,Cycle_2,Q2,"Business,School_fees"
141,Tumbe Seaweed Farmers ,Tumbe,kwale,7 July 2023,17 July 2023,,33,6,0,0,always,high,33," 42,600.00 ",yes," 5,200.00 ",13, 4.00 ,0," 11,500.00 "," 1,150.00 ",no,1 October 2025,09:49:09,,Ashura Shee Boi,Cycle_3,Q3,"Business,School_fees,Other_hhs_needs"
108,Tunajaribumema,Kizingo mugunya,kilifi,25 February 2019,15 January 2019,,30,6,0,0,always,high,36," 89,200.00 ",yes," 16,380.00 ",32," 120,000.00 ",5," 65,000.00 "," 7,500.00 ",no,6 July 2025,13:00:30,,Beatrice chizi joseph,Cycle_1,Q2,"Business,School_fees,Shelter"
206,Tunajaribumema,Kizingo mugunya,kilifi,25 February 2019,15 March 2019,,30,6,0,0,always,high,36," 220,000.00 ",yes," 11,200.00 ",36," 218,950.00 ",20," 131,660.00 "," 48,200.00 ",no,4 October 2025,15:31:16,,Beatrice chizi joseph,Cycle_1,Q3,"Business,School_fees"
24,Tunusuru ,Munje,kwale,18 August 2024,12 February 2025,,23,0,0,0,always,high,23," 148,520.00 ",yes," 8,600.00 ",27," 193,000.00 ",6," 45,400.00 "," 1,800.00 ",no,25 June 2025,08:51:21,AM,Mariam Mwalimu ,Cycle_1,Q2,"Business,School_fees,Clothing,Food,Shelter"
166,Tunusuru VSLA,Munje,kwale,18 December 2024,12 February 2025,,23,0,23,0,always,high,23," 265,220.00 ",yes," 14,380.00 ",33," 210,500.00 ",12," 51,400.00 "," 3,600.00 ",no,2 October 2025,10:25:05,,Mariam Hamisi Mwalimu,Cycle_1,Q3,"Business,School_fees,Clothing,Food,Shelter,Other_hhs_needs"
48,Tupendane Kang'amboni ,Kang'amboni North,kilifi,20 February 2019,13 March 2022,,44,0,5,0,always,high,42," 15,950.00 ",yes," 14,380.00 ",79," 163,600.00 ",45," 69,900.00 "," 9,440.00 ",yes,27 June 2025,01:26:15,PM,Faida Patrick Katana,Cycle_1,Q2,"Business,School_fees,Food,Other_hhs_needs"
12,Tushirikiane conservation women Bodo,Bodo,kwale,5 August 2022,28 October 2024,,50,7,43,0,always,high,50," 131,500.00 ",yes," 14,390.00 ",32," 136,000.00 ",13," 99,130.00 "," 9,913.00 ",no,23 June 2025,08:04:30,AM,TOT Amina Hassan Mwafrika  CBT Matogo Mzingo,Cycle_1,Q2,"Business,School_fees,Shelter,Other_hhs_needs"
185,Tushirikiane conservation women group,Bodo,kwale,28 October 2024,1 November 2024,,42,8,0,0,always,high,50," 184,700.00 ",yes," 23,020.00 ",46," 182,600.00 ",39," 161,680.00 "," 16,168.00 ",no,3 October 2025,14:50:45,,Mwatogo Mzingo Juma,Cycle_1,Q3,"Business,School_fees,Shelter,Other_hhs_needs"
107,Tusongembele,Kizingo kaduka,kilifi,14 June 2021,5 January 2021,,3,22,0,0,always,high,25," 59,200.00 ",yes," 8,970.00 ",18," 39,500.00 ",12," 20,650.00 "," 8,000.00 ",no,6 July 2025,12:53:26,,Furaha luvuno kiti,Cycle_1,Q2,"Business,School_fees,Food"
36,TUUNGANE SILC WOMEN GROUP ,Mwele,kilifi,6 February 2011,12 February 2011,,30,0,0,0,always,high,30," 170,250.00 ",yes," 33,550.00 ",104," 264,600.00 ",79," 250,000.00 "," 20,910.00 ",yes,26 June 2025,09:41:45,AM,Saumu Kazungu Mwambire,Cycle_1,Q2,"Business,School_fees,Food"
33,Twashukuru Nyumba sita group ,Nyumba Sita,kwale,10 November 2020,18 April 2025,,21,4,0,0,always,high,20," 26,030.00 ",yes," 2,800.00 ",4," 9,500.00 ",0," 2,000.00 ", 200.00 ,yes,26 June 2025,08:00:50,AM,TOT Amina Hassan Mwafrika CBT Fatuma Masudi Ganzori,Cycle_1,Q2,"Business,School_fees,Food,Other_hhs_needs"
183,Twashukuru Nyumba sita Widows group ,Nyumba sita village,kwale,6 September 2021,19 June 2025,,20,4,1,0,always,high,24," 36,570.00 ",yes," 9,200.00 ",8," 20,000.00 ",3," 8,800.00 ", 880.00 ,no,3 October 2025,14:30:04,,Fatuma Masudi Ganzori CBT,Cycle_2,Q3,"Business,School_fees,Food,Other_hhs_needs"
21,Ufanisi ndugu mnani women ,Ndugumnani ,kilifi,22 October 2024,11 February 2025,,28,7,0,0,always,high,34," 136,000.00 ",yes, 780.00 ,25," 100,000.00 ",15," 60,000.00 "," 6,000.00 ",no,24 June 2025,07:56:48,PM,Silas safari,Cycle_1,Q2,"School_fees,Clothing,Food,Shelter"
152,Ufanisi women group ,Ndugumnani ,kilifi,12 March 2019,11 February 2025,,28,7,0,0,often,moderate,35," 218,600.00 ",yes," 5,000.00 ",15," 160,550.00 ",9," 16,680.00 "," 58,050.00 ",no,1 October 2025,14:45:04,,Silas safari,Cycle_2,Q4,"School_fees,Clothing,Food"
88,Upendo  Women group ,Kanyumbuni ,kilifi,30 January 2021,10 February 2021,,30,4,26,0,always,high,26," 7,900.00 ",yes," 4,250.00 ",17," 27,000.00 ",8," 15,000.00 "," 1,500.00 ",yes,30 June 2025,02:29:36,PM,Rechael  Furaha kazungu ,Cycle_1,Q2,"Business,School_fees,Other_hhs_needs"
116,Upendo madzo,Kizingo bekitichonga,kilifi,14 May 2024,10 January 2025,,21,27,1,1,always,high,39," 139,810.00 ",yes," 11,040.00 ",30," 135,910.00 ",28," 30,685.00 "," 15,800.00 ",no,10 July 2025,15:03:46,,Mirium Pato shume,Cycle_1,Q2,"Business,School_fees,Food"
86,Usalama SHG ,Kanyumbuni ,kilifi,7 October 2022,14 October 2022,,25,13,2,4,always,moderate,23," 22,000.00 ",yes," 6,000.00 ",19," 38,000.00 ",10," 20,000.00 "," 2,000.00 ",yes,30 June 2025,02:00:02,PM,Brayan Mwatua,Cycle_1,Q2,"Business,School_fees,Shelter"
173,Usalama SHG ,Langoni/Takaungu ,kilifi,7 October 2022,14 October 2025,,30,6,2,1,always,high,28," 40,000.00 ",yes," 15,000.00 ",15," 25,000.00 ",10," 15,000.00 "," 1,500.00 ",yes,2 October 2025,14:31:46,,Mwatua  Brayan  Karisa,Cycle_3,Q3,"Business,School_fees"
25,Ushindi women group ,Takaungu maweni,kilifi,11 July 2024,18 August 2024,,40,0,10,0,always,high,39," 40,090.00 ",yes," 7,400.00 ",10," 20,000.00 ",5," 10,000.00 "," 1,000.00 ",yes,25 June 2025,09:32:25,AM,Stephane mbithe ,Cycle_1,Q2,"Business,School_fees,Clothing,Food,Other_hhs_needs"
145,Vinahama,Vwevwesi ,kilifi,16 November 2016,13 February 2025,,23,0,0,0,always,moderate,23," 40,170.00 ",yes," 10,505.00 ",40," 38,000.00 ",26," 26,200.00 "," 3,800.00 ",no,1 October 2025,13:53:29,,Christine Kadzo Katana,Cycle_2,Q3,"Business,School_fees,Shelter,Other_hhs_needs"
75,Vinahama ,Vwevwesi ,kilifi,16 November 2016,13 January 2025,,23,0,0,0,always,high,23," 29,250.00 ",yes," 7,885.00 ",32," 117,000.00 ",20," 65,750.00 "," 11,700.00 ",no,30 June 2025,05:11:47,AM,Christine Kadzo Katana ,Cycle_1,Q2,"School_fees,Food,Other_hhs_needs"
156,Vinahama ,Vwevwesi ,kilifi,16 November 2016,13 January 2025,,23,0,0,0,always,moderate,23," 40,170.00 ",yes," 10,505.00 ",40," 38,000.00 ",26," 26,200.00 "," 3,800.00 ",no,1 October 2025,14:59:00,,Christine Kadzo Katana ,Cycle_2,Q3,"Business,School_fees,Shelter,Other_hhs_needs"
120,Vinahama VSLA ,Vwevwesi ,kilifi,16 November 2016,13 February 2025,,23,0,0,0,always,high,23," 29,270.00 ",yes," 7,885.00 ",32," 27,000.00 ",20," 16,750.00 "," 2,700.00 ",no,15 September 2025,06:40:49,PM,Christine Kadzo Katana ,Cycle_2,Q2,"Business,School_fees,Food,Other_hhs_needs"
202,Vision ,Tiwi juakali,kwale,11 January 2023,12 October 2024,,16,8,0,0,always,high,24," 252,100.00 ",yes," 47,560.00 ",22," 199,925.00 ",4," 139,050.00 "," 27,140.00 ",no,4 October 2025,14:34:35,,Ruth karanja,Cycle_1,Q3,"Business,School_fees,Food,Shelter,Other_hhs_needs"
51,Vision VSLA,Tiwi juakali,kwale,11 January 2023,12 October 2024,,16,8,0,1,always,high,23," 196,300.00 ",yes," 34,260.00 ",22," 144,400.00 ",17," 81,000.00 "," 27,140.00 ",no,28 June 2025,08:18:31,AM,Ruth Karanja,Cycle_2,Q2,"Business,School_fees,Food,Shelter,Other_hhs_needs"
117,VUMANI YOUTH GROUP ,Vuma,kilifi,26 September 2023,20 September 2024,,47,13,6,3,always,high,40," 65,000.00 ",yes," 15,900.00 ",35," 93,450.00 ",8," 28,500.00 "," 2,850.00 ",no,11 July 2025,07:59:53,,Betty Charo masika,Cycle_1,Q2,"Business,School_fees,Food"
178,VUMANI YOUTH GROUP ,Vuma/Takaungu ,kilifi,16 August 2024,27 September 2024,,42,11,15,7,always,moderate,30," 158,580.00 ",yes," 38,210.00 ",35," 80,765.00 ",10," 49,235.00 "," 13,000.00 ",no,3 October 2025,07:23:17,,Bettymasika/Hammerton mwagona,Cycle_2,Q4,"Business,School_fees,Other_hhs_needs"
64,WAGA COMMUNITY YOUTH GROUP ,Anzuani ,kwale,13 October 2024,13 October 2024,,17,15,1,0,always,moderate,32," 128,500.00 ",yes," 6,260.00 ",8," 49,000.00 ",6," 22,200.00 "," 4,900.00 ",no,29 June 2025,08:59:16,AM,MWASHASHA KASSIM ,Cycle_1,Q2,"Business,School_fees,Clothing,Food,Shelter"
208,WAKIFUNDI YOUTH ,ANZUANI ,kwale,17 November 2024,17 November 2024,,19,11,0,0,always,moderate,25," 67,500.00 ",yes," 5,050.00 ",15," 20,600.00 ",9," 17,500.00 "," 5,400.00 ",no,5 October 2025,08:49:56,,UMMI HASSAN ,Cycle_1,Q3,"Business,School_fees,Clothing,Food,Shelter,Other_hhs_needs"
8,Wakifundi youth group ,Anzuani ,kwale,17 November 2024,17 November 2024,,19,11,0,0,always,moderate,30," 51,450.00 ",yes," 5,080.00 ",0, -   ,12000," 5,700.00 "," 2,400.00 ",no,22 June 2025,09:36:04,AM,Ummi Hassan kitauro,Cycle_1,Q2,"Business,School_fees,Food"
63,WAKIFUNDI YOUTH GROUP ,Anzuani ,kwale,17 November 2024,17 November 2024,,19,11,0,0,always,moderate,30," 51,450.00 ",yes," 5,080.00 ",15," 12,000.00 ",10," 5,700.00 "," 2,400.00 ",no,29 June 2025,08:15:58,AM,Ummi Hassan kitauro ,Cycle_1,Q2,"Business,School_fees,Clothing,Food,Shelter"
40,Wapendanao VSLA A,Ngweneni ,kwale,29 November 2024,2 June 2025,,32,0,1,0,always,high,32," 17,550.00 ",yes," 2,520.00 ",9," 16,950.00 ",0, -   , -   ,no,26 June 2025,11:40:17,AM,Salama Kama,Cycle_1,Q2,"Business,School_fees,Clothing,Food,Other_hhs_needs"
41,Wapendanao VSLA B,Ngweneni ,kwale,29 November 2024,3 June 2025,,32,0,1,0,always,high,32," 19,350.00 ",yes," 2,440.00 ",10," 13,650.00 ",0, -   , -   ,no,26 June 2025,11:47:42,AM,Mwanahuru omari,Cycle_1,Q2,"Business,School_fees,Clothing,Food"
128,Wapendanao women group A,Ngweneni,kwale,29 November 2024,2 June 2025,,33,0,0,0,always,high,33," 90,200.00 ",yes," 13,080.00 ",26," 110,450.00 ",7," 32,260.00 "," 2,540.00 ",no,26 September 2025,12:43:11,PM,Salama kama,Cycle_1,Q3,"Business,School_fees,Clothing,Food,Shelter,Other_hhs_needs"
129,Wapendanao women group Vsla B,Ngweneni,kwale,29 November 2024,3 June 2025,,32,0,0,0,always,high,32," 96,270.00 ",yes," 10,680.00 ",36," 121,250.00 ",12," 31,810.00 "," 3,640.00 ",no,26 September 2025,12:48:26,PM,Mwanahuru Omari,Cycle_1,Q3,"Business,School_fees,Clothing,Food,Shelter,Other_hhs_needs"
209,Wasini seaweed group A ,Wasini,kwale,9 October 2024,9 October 2024,,28,0,0,0,always,moderate,16," 30,410.00 ",yes," 1,640.00 ",3," 15,000.00 ",1," 5,000.00 ", -   ,no,5 October 2025,09:03:01,,Biasha abshir,Cycle_1,Q3,"Business,School_fees,Clothing,Food,Shelter,Other_hhs_needs"
58,WASINI SEAWEED GROUP B,Wasini,kwale,16 October 2024,16 October 2024,,17,0,3,0,always,moderate,17," 31,000.00 ",yes," 1,250.00 ",0, -   ,0, -   , -   ,na,29 June 2025,07:48:33,AM,Fatuma shee ,Cycle_1,Q2,Other_hhs_needs
57,WASINI VSLA GROUP A,Wasini,kwale,9 October 2024,9 October 2024,,24,0,0,0,always,moderate,24," 18,260.00 ",yes," 1,200.00 ",0, -   ,0, -   , -   ,na,29 June 2025,07:44:06,AM,Sofia Ibrahim ,Cycle_1,Q2,Other_hhs_needs
70,YUNGI BEE FARMERS GRSG,Yungi ,kwale,11 September 2024,15 July 2025,,12,10,1,1,always,high,21," 92,260.00 ",yes," 18,000.00 ",14," 20,000.00 ",0, -   ," 6,000.00 ",no,29 June 2025,11:43:50,AM,Chari Dzombo,Cycle_2,Q2,"Business,School_fees,Other_hhs_needs"
135,Yungi bee keeping ,Yungi,kwale,11 September 2024,18 September 2024,,12,9,0,1,always,high,16," 160,985.00 ",yes," 22,050.00 ",12," 17,410.00 ",0, -   ," 4,800.00 ",no,29 September 2025,01:53:33,PM,Chari Mangale,Cycle_2,Q3,"Business,School_fees"
27,YUNGI MWENJENI VSLA ,MWENJENI ,kwale,17 November 2024,20 November 2024,,28,12,0,0,always,high,40," 92,650.00 ",yes," 27,000.00 ",20," 72,000.00 ",50000," 50,000.00 "," 5,000.00 ",no,25 June 2025,10:44:05,AM,MWANAMKUU HASSAN  OMAR,Cycle_2,Q2,"Business,School_fees,Shelter"
174,Yungi mwwnjeni ,Mwwnjeni ,kwale,20 November 2022,20 November 2022,,31,13,0,0,always,high,36," 210,850.00 ",yes," 64,200.00 ",25," 142,630.00 ",0," 169,650.00 "," 445,030.00 ",no,2 October 2025,14:38:13,,Mwanamkuu Hassan $ Alawe mwachombo,Cycle_2,Q3,"Business,School_fees"
